create database TARge25

--db valimine
use master

--db kustutamine
drop database AdventureWorksDW2019

--tabeli tegemine
create table Gender
(
Id int not null primary key,
Gender nvarchar(10) not null
)

--andmete sisestamine
insert into Gender (Id, Gender)
values (2, 'Male'),
(1, 'Female'),
(3, 'Unknown')

--tabeli sisu vaatamine
select * from Gender

--tehke tabel nimega Person
--id int, not null, primary key
--Name nvarchar 30
--Email nvarchar 30
--GenderId int

create table Person
(
Id int not null primary key,
Name nvarchar(30),
Email nvarchar(30),
GenderId int
)

--andmete sisestamine
insert into Person (Id, Name, Email, GenderId)
values (1, 'Superman', 's@s.com', 2),
(2, 'Wonderwoman', 'w@w.com', 1),
(3, 'Batman', 'b@b.com', 2),
(4, 'Aquaman', 'a@a.com', 2),
(5, 'Catwoman', 'cat@cat.com', 1),
(6, 'Antman', 'ant"ant.com', 2),
(8, NULL, NULL, 2)

--soovime näha Person tabeli sisu
select * from Person

--vőőrvőtme ühenduse loomine kahe tabeli vahel
alter table Person add constraint tblPerson_GenderId_FK
foreign key (GenderId) references Gender(Id)

--kui sisestad uue rea andmeid aj ei ole sisestanud genderId alla väärtust, siis
--see automaatselt sisestab sellele reale väärtuse 3 e mis meil on unknown
alter table Person
add constraint DF_Persons_GenderId
default 3 for GenderId

insert into Person (Id, Name, Email, GenderId)
values (7, 'Flash', 'f@f.com', NULL)

insert into Person (Id, Name, Email)
values (9, 'Plack Panther', 'p@p.com')

select * from Person

--kustutada DF_Persons_GenderId piirang koodiga
alter table Person
drop constraint DF_Persons_GenderId

--lisamine koodiga veeru
alter table Person
add Age nvarchar(10)

--lisamine nr piirangu vanuse sisestamisel
alter table Person 
add constraint CK_Person_Age check (Age > 0 and Age < 155)

--kui sa tead veergude järjekorda peast, siis ei pea neid sisestama
insert into Person 
values (10, 'Green Arrow', 'g@g.com', 2, 154)

--constrainti kustutamine
alter table Person
drop constraint CK_Person_Age

alter table Person 
add constraint CK_Person_Age check (Age > 0 and Age < 130)

--kustutame rea
delete from Person where Id = 10

--kuidas uuendada andmeid koodiga
--Id 3 uus vanus on 50
update Person
set Age = 50 
where Id = 3

select * from Person

--lisame Person tabelisse veeru City ja nvarchar 50
alter table Person
add City nvarchar(50)

--kőik, kes elavad Gothami linnas
select * from Person where City = 'Gotham'
--kőik, kes ei ela Gothamis
select * from Person where not City = 'Gotham'
select * from Person where not City <> 'Gotham' 
select * from Person where not City != 'Gotham'

--näitab teatud vanusega inimesi
--35,42,23
select * from Person where Age in (35, 42, 23)
select * from Person where Age = 35 or Age = 42 or Age = 23

--näitab teatud vanusevahemikus olevaid isikuid 22 kuni 39
select * from Person where Age between 22 and 39
select * from Person where Age >=22 and Age <=39

--wildcardi kasutamine
--näitab kőik g-tähega algavad linnad
select * from Person where City like 'g%'
--email, kus on @ märk sees
select * from Person where Email like '%@%'

--näitab kellel on emailis ees ja peale @-märki ainult üks täht
select * from Person where Email like '_@_.com'

--kőik, kellel on nimes esimene täht W, A, S
select * from Person where Name like 'w%' or Name like 'A%' or Name like 'S%'
select * from Person where Name like '[^WAS]%'
select * from Person where Name like '[WAS]%'

--kes elavad Gothamis ja New Yorkis
select * from Person where City like 'Gotham' or City like 'New York'
select * from Person where (City = 'Gotham' or City = 'New York')

--kes elavad Gothamis ja New Yorkis ja on vanemad, kui 29
select * from Person where (City = 'Gotham' or City = 'New York')
and Age >=30

--3 tund
--10.03.26

--kuvab tähestikulises järjekorras inimesi ja vőtab aluseks nime
select * from Person order by Name ASC
--kuvab vastupidises järjestuses nimed
select * from Person order by Name DESC

--vőtab kolm esimest rida person tabelist
select top 3 * from Person

--kolm esimest, aga tabeli järjestus on Age ja siis Name
select top 3 Age, Name from Person order by CAST(Age as int)

--näita esimesed 50% tabelist
select top 50 PERCENT * from Person

--kőikide isikute koondvanus
select SUM(cast(Age as int)) as Koondvanus from Person

--näitab kőige nooremat isikut
select MIN(cast(Age as int)) as NoorematIsikut from Person

--näitab kőige vanem isik
select MAX(cast(Age as int)) as VanemIsik from Person

--muudame Age veeru int andmetüübiks
alter table Person alter column Age INT

--näeme konkreetsetes linnades olevate isikute koondvanust
select City, SUM(Age) as TotalAge from Person group by City
--kuvab esimeses reas välja toodud järjestuses ja kuvab Age TotalAge-ks
--järjestab City-S olevate nimede järgi ja siis GenderId järgi
select City, GenderId, SUM(Age) as TotalAge from Person
group by City, GenderId order by City

--näitab, et mitu rida on selles tabelis
select * from Person
select COUNT(Id) as ColumnCount from Person

--näitab tulemust, et mitu inimest on GenderId väärtusega 2 konkreetses linnades
--arvutab vanuse kokku konkreetses linnas
select GenderID, City, SUM(age) as 'TotalAge', COUNT(Name) as 'TotalPersons' 
from Person 
where (GenderId = 2) group by city, GenderId

--näitab ära inimeste koondvanuse, mis on üle 41 a ja
--kui palju neid igas linnas elab
--eristab soo järgi
select GenderID, City, SUM(age) as 'TotalAge', COUNT(Name) as 'TotalPersons'
from Person 
group by GenderId, City having SUM(Age) > 41

--loome tabelid Employees ja Department
create table Employees
(
Id int not null primary key,
Name nvarchar(50),
Gender nvarchar(50),
Salary nvarchar(50),
DepartmentId int,
)

create table Department
(
Id int not null primary key,
DepartmentName nvarchar(50),
Location nvarchar(50),
DepartmentHead nvarchar(50),
)

alter table Employees
add City nvarchar(50)

insert into Employees (Id, Name, Gender, Salary, DepartmentId, City)
values(1, 'Tom', 'Male', '4000', 1,  'London'),
(2, 'Pam', 'Female', '3000', 3, 'New York'),
(3, 'John', 'Male', '3500', 1, 'London'),
(4, 'Sam', 'Male', '4500', 2, 'London'),
(5, 'Todd', 'Male', '2800', 2, 'Sydney'),
(6, 'Ben', 'Male', '7000', 1, 'New York'),
(7, 'Sara', 'Female', '4800', 3, 'Sydney'),
(8, 'Valarie', 'Female', '5500', 1, 'New York'),
(9, 'James', 'Male', '6500', NULL, 'London'),
(10, 'Russell', 'Male', '8800', NULL, 'London')


select * from Employees

insert into Department (Id, DepartmentName, Location, DepartmentHead )
values(1, 'It', 'London', 'Rick'),
(2, 'Payroll', 'Delhi', 'Ron'),
(3, 'HR', 'New York', 'Christie'),
(4, 'Other Department', 'Sydney', 'Cindrella')

select * from Department

--
select Name, Gender, Salary, DepartmentName
from Employees
left join Department
on Employees.DepartmentId = Department.Id

--arvutame kőikide palgad kokku
select sum(cast(Salary as int)) as SalaryTotal from Employees
--min palga saaja
select MIN(cast(Salary as int)) as MinimalSalary from Employees

--teeme left join päringu
select Location, SUM(cast(Salary as int)) as TotalSalary
from Employees
left join Department
on Employees.DepartmentId = Department.Id
group by Location

--teeme veeru nimega City Employees tabelisse
--nvarchar 30
alter table Employees
add City nvarchar(30)

select * from Employees
--peale selecti tuleb veergude nimed
select City, Gender, SUM(cast(Salary as int)) as TotalSalary
--tabelist nimega Employees ja mis on grupitatud City ja Gender järgi
from Employees group by City, Gender
--oleks vaja, et linnad oleksid tähestikulises järjekorras
select City, Gender, SUM(cast(Salary as int)) as TotalSalary
from Employees group by City, Gender
order by City
--order by järjestab linnad tähestikuliselt, 
--aga kui nullid, ss need tulevad kőige ette

--loeb ära, mitu rida on tabelis Employees
--* asemele vőib panna ka veeru nime,
--aga siis loeb ainult selle veeru väärtused, mis ei ole nullid
select COUNT(*) from Employees

--mittu töötajat on soo ja linna kaupa
select Gender, City, SUM(cast(Salary as int)) as TotalSalary, COUNT(Name) as TotalEmployees
from Employees group by City, Gender
order by city

--kuvab ainult kőik mehed linnade kaupa
select Gender, City, SUM(cast(Salary as int)) as TotalSalary, COUNT(Id) as TotalEmployees
from Employees 
where Gender = 'Male'
group by City, Gender
order by city

--sama tulemuse, aga kasutage having klauslit

select * from Employees
select Gender, City, SUM(cast(Salary as int)) as TotalSalary, COUNT(Id) as TotalEmployees
from Employees 
group by City, Gender having Gender = 'Male'
order by city

--näitab meile ainult neid töötajad, kellel on palga summa üle 4000
select City, Name, SUM(cast(Salary as int)) as TotalSalary, 
COUNT(Id) as TotalEmployees
from Employees
group by Salary, City, Name
having SUM(cast(Salary as int)) > 4000

--loome tabeli, milles hakatakse automaatselt nummerdama Id-d
create table Test1
(
Id int identity(1,1) primary key,
Value nvarchar(30)
)

insert into Test1 values('X')
select * from Test1

--kustutame veeru nimega City Employees tabelist
alter table Employees
drop column City
select * from Employees

--inner join
--kuvab neid, kellel on DepartmentName all olemas väärtus
select Name, Gender, Salary, DepartmentName
from Employees
inner join Department
on Employees.DepartmentId = Department.Id

--left join
--kuvab kőik read Employees tabelist,
--aga DepartmentName näitab ainult siis, kui on olemas
--kui DepartmentId on null, siis DepartmentName näitab nulli
select Name, Gender, Salary, DepartmentName
from Employees
left join Department
on Employees.DepartmentId = Department.Id

-- right join
--kuvab kőik Department tabelist
--aga Name näitab ainult siis, kui on olemas väärtus DepartmentId-s, mis on sama
--Department tabeli Id-ga
select Name, Gender, Salary, DepartmentName
from Employees
right join Department
on Employees.DepartmentId = Department.Id

--full outer join ja full join on sama asi
-- kuvab kőik read mőlemast tabelist,
-- aga kui ei ole vastet, siis näitab nulli
select Name, Gender, Salary, DepartmentName
from Employees
full outer join Department
on Employees.DepartmentId = Department.Id

--cross join
--kuvab kőik read mőlemast tabelist, aga ei vőta aluseks mingit veergu,
--vaid lihtsalt kombineerib kőik read omavahel
--kasutatakse harva, aga kui on vaja kombineerida kőiki
--vőimalikke kombinatsioone kahe tabeli vahel, siis vőib kausta 
select Name, Gender, Salary, DepartmentName
from Employees
cross join Department
where Employees.DepartmentId = Department.Id

--päringu sisu 
select ColumnList
from LeftTable
joinType RightTable
on JoinCondition

select Name, Gender, Salary, DepartmentName
from Employees
inner join Department
on Department.Id = Employees.DepartmentId

--kuidas kuvada ainult need isikud, kellel on DepartmentName NULL
select Name, Gender, Salary, DepartmentName
from Employees
left join Department
on Employees.DepartmentId = Department.Id
where Employees.DepartmentId is null

--kuidas saame department tabelis oleva rea, kus on NULL
select Name, Gender, Salary, DepartmentName
from Employees
right join Department
on Employees.DepartmentId = Department.Id
where Employees.DepartmentId is null

--full join
--kus on vaja kuvada kőik read mőlemast tabelist,
--millel ei ole vastet
select Name, Gender, Salary, DepartmentName
from Employees
full join Department
on Employees.DepartmentId = Department.Id
where Employees.DepartmentId is null
or Department.Id is null

--tabeli nimetuse muutmine koodiga
sp_rename 'Employees1', 'Employees'

--kasutame Employees tabeli asemel lühendit E ja M
-- aga enne seda lisame uue veeru nimega ManagerId ja see on int
alter table Employees
add ManagerId int

--antud juhul E on Employees tabeli lühend ja M
-- on samuti Employees tabeli lühend, aga me kasutame
--seda, et näidata, et see on manageri tabel
select E.Name as Employee, M.Name as Manager
from Employees E
left join Employees M
on E.ManagerId = M.Id

--inner join ja kasutame lühendeid
select E.Name as Employee, M.Name as Manager
from Employees E
inner join Employees M
on E.ManagerId = M.Id

--cross join ja kasutame lühendeid
select E.Name as Employee, M.Name as Manager
from Employees E
cross join Employees M


select FirstName, LastName, Phone, AddressId, AddressType
from SalesLT.CustomerAddress Ca
left join SalesLT.Customer C
on SalesLT.CustomerAddress.CustomerID = SalesLT.Customer.CustomerID


--teha päring, kus kasutate ProductModelit ja Product tabelit,
--et näha, millised tooted on millise mudeliga seotud
select PM.Name as ProductModel, P.Name as Product
from SalesLT.Product P
left join SalesLT.ProductModel PM
on PM.ProductModelId = P.ProductModelId

--rida 412
--4 tund
--31.03.26
select ISNULL('Sinu Nimi', 'No Manager') as Manager

select coalesce(null, 'No Manager') as Manager

--Neil kellel ei ole ülemust, siis paneb neile No Manager teksti
select E.Name as Employee, ISNULL(M.Name, 'No Manager') as Manager
from Employees E
left join Employees M
on E.ManagerId = M.Id

--kui Expression on őige, siis paneb väärtuse, mida soovid vői
--vastasel juhul paneb No Manager teksti
case when Expression Then '' else '' end

--teeme päringu, kus kasutame case-i
--tuleb kasutada ka left koin
select E.Name as Employee,
case
When M.Name is null then 'No manager'
else M.Name End as Manager
from Employees E
left join Employees M
on E.ManagerId = M.Id

--lisame tabelisse uued veerud
alter table Employees
add MiddleName nvarchar(30)
alter table Employees
add LastName nvarchar(30)

--muudame veeru nime koodiga
sp_rename 'Employees.MiddleName1', 'Middlename'
select* from Employees
UPDATE Employees SET
FirstName = 'Tom',
MiddleName = 'Nick',
LastName = 'Jones',
ManagerId = NULL
WHERE Id = 1;

UPDATE Employees SET
FirstName = 'Pam',
MiddleName = NULL,
LastName = 'Anderson',
ManagerId = 1
WHERE Id = 2;

UPDATE Employees SET
FirstName = 'John',
MiddleName = NULL,
LastName = NULL,
ManagerId = 1
WHERE Id = 3;

UPDATE Employees SET
FirstName = 'Sam',
MiddleName = NULL,
LastName = 'Smith',
ManagerId = 2
WHERE Id = 4;

UPDATE Employees SET
FirstName = NULL,
MiddleName = 'Todd',
LastName = 'Someone',
ManagerId = 2
WHERE Id = 5;

UPDATE Employees SET
FirstName = 'Ben',
MiddleName = 'Ten',
LastName = 'Sven',
ManagerId = 2
WHERE Id = 6;

UPDATE Employees SET
FirstName = 'Sara',
MiddleName = NULL,
LastName = 'Connor',
ManagerId = 3
WHERE Id = 7;

UPDATE Employees SET
FirstName = 'Valarie',
MiddleName = 'Balerine',
LastName = NULL,
ManagerId = 3
WHERE Id = 8;

UPDATE Employees SET
FirstName = 'James',
MiddleName = '007',
LastName = 'Bond',
ManagerId = 3
WHERE Id = 9;

UPDATE Employees SET
FirstName = NULL,
MiddleName = NULL,
LastName = 'Crowe',
ManagerId = 4
WHERE Id = 10;

--igast reast vőtab esimesena mitte nulli väärtuse ja paneb Name veergu
--kasutada coalesce

SELECT ID,
COALESCE(FirstName, MiddleName, LastName) AS Name
FROM Employees;

create table IndianCustomres
(
Id int identity(1,1),
Name nvarchar(25),
Email nvarchar(25)
)

create table UKCustomers
(
Id int identity(1,1),
Name nvarchar(25),
Email nvarchar(25)
)

insert into IndianCustomers (Name,Email)
values ('Raj', 'R@R.com'),
('Sam', 'S@S.com')

insert into UKCustomers (Name,Email)
values ('Ben', 'B@B.com'),
('Sam', 'S@S.com')

select * from IndianCustomres
select * from UKCustomers

--kasutate union all
--kahe tabeli andmete vaatamiseks
--näitab kőik read mőlemast tabelist
SELECT Id, Name, Email
FROM IndianCustomres
UNION ALL
SELECT Id, Name, Email
FROM UKCustomers;
--korduvate väärtuste eemaldamiseks kasutame unionit
SELECT Id, Name, Email
FROM IndianCustomres
UNION
SELECT Id, Name, Email
FROM UKCustomers;
--kuidas tulemust sorteerida nime järgi
--kasutada union all-i
SELECT Id, Name, Email
FROM IndianCustomres
UNION ALL
SELECT Id, Name, Email
FROM UKCustomers
order by Name

--stored procedure
--salvestatud protseduurid on SQL-i koodid, mis on salvest
--salvestanud andmebaasis ja mida saab käivitada,
--et teha mingi kindel töö ära
create procedure spGetEmployees	
as begin
select FirstName, Gender from Employees
end

--nüüd saame kasutada spGetEmployees-i
spGetEmployees
exec spGetEmployees
execute spGetEmployees

---
create proc spGetEmployeesByGenderAndDepartment
@Gender nvarchar(10),
@DepartmentId int
as begin
	select FirstName, Gender, DepartmentId from Employees 
	where Gender = @Gender and DepartmentId = @DepartmentId
end
--miks saab veateate
spGetEmployeesByGenderAndDepartment
--őige variant
EXEC spGetEmployeesByGenderAndDepartment 
    @Gender = 'Female',
	@DepartmentId = 1
--kuidas minna sp järjekorrast mööda parameetrite sisestamisel
spGetEmployeesByGenderAndDepartment @DepartmentId = 1, 
@Gender = 'Male'


sp_help spGetEmployeesByGenderAndDepartment

--muudame sp-d ja vőti peale, et keegi teine 
--peale teie ei saaks seda muuta
alter proc spGetEmployeesByGenderAndDepartment
@Gender nvarchar(10),
@DepartmentId int
with encryption --paneb vőtme peale
as begin
	select FirstName, Gender, DepartmentId from Employees
	where Gender = @Gender and DepartmentId = @DepartmentId
end

--uurige välja, mis on output parameeter ja kuidas seda kasutada
create proc spGetEmployeeCountByGender
@Gender nvarchar(10),
--output on parameeter, mis vőimalödab meil salvestada protseduuri
--sees tehtud arvutuse tulemuse ja kasutada seda väljaspool protseduuri
@EmployeeCount int output
as begin
	select @EmployeeCount = COUNT(Id) from Employees
	where Gender = @Gender
end

--annab tulemuse, kus loendab ära nőutele vastavad read
--prindib tulemuse, mis on parameetris @EmployeeCount
declare @TotalCount int
exec spGetEmployeesByGenderAndDepartment 'Female', @TotalCount out
if(@TotalCount = 0)
	print '@Totalcount is null'
else
	print '@TotalCount is not null'
print @TotalCount

--näitab ära, et mitu rida vastab nőuetele
declare @TotalCount int
execute spGetEmployeeCountByGender
@EmployeeCount = @TotalCount out, @Gender = 'Male'
print @TotalCount

--sp sisu vaatamine
sp_help spGetEmployeeCountByGender
--tabeli info
sp_help Employees
--kui soovid sp teksti näha
sp_helptext spGetEmployeeCountByGender

--vaatame, millest sőltub see sp
sp_depends spGetEmployeeCountByGender

--
CREATE PROCEDURE spGetNameById
@Id int,
@Name nvarchar(30) output
as BEGIN
	select @Id = Id, @Name = FirstName from Employees
END

--tahame näha kogu tabelite ridade arvu
--count kasutada
create procedure spTotalCount2
@TotalCount int output
as begin
	select @TotalCount = COUNT(ID) from Employees
end

--same teada, et mitu rida on tabelis
declare @TotalEmployees int
execute spTotalCount2 @TotalEmployees output
select @TotalEmployees

--mis id all on keegi nime järgi
create proc spGetIdByName1
@Id int,
@FirstName nvarchar(30) output
as begin
	select @FirstName = FirstName from Employees where @Id = Id
end

--annab tulemuse, kus id 1 real on keegi koos nimega
declare @FirstName nvarchar(30)
execute spGetIdByName1 1, @FirstName output
print 'Name of the employee = ' + @FirstName

---
declare @FirstName nvarchar(30)
execute spGetIdById 1, @FirstName output
print 'Name of the employee = ' + @FirstName
--ei anna tulemust, sest sp-s on loogika viga
--sp-s on viga, sest @Id on parameeter,
--mis on mőeldud selleks, et me saaksime sisestada id-d
--ja saada nime, aga sp-s on loogika viga, sest see
--üritab määrata @Id väärtuseks Id veeru väärtust, mis on vale

-- rida 662
-- tund 5
-- 07.04.26
declare @FirstName nvarchar(30)
execute spGetIdById 1, @FirstName out
print 'Name of the employee = ' + @FirstName


sp_help spGetNameById

create proc spGetNameById2
@Id int,
@EmployeeName nvarchar(30) output
as begin
	select FirstName from Employees where Id = @Id
end


declare @EmployeeName nvarchar(30)
execute spGetNameById2 1, @EmployeeName output
print 'Name of the employee = ' + @EmployeeName
-- return annab ainult int tüüpi väärtust,
-- seega ei saa kasutada return-i, et tagastada nime,
-- mis on nvarchar tüüpi

-- sisseehitatud string funktsioonid
-- see konverteerib ASCII tähe väärtuse numbriks
select ASCII('A')
-- kuvab A-tähe
select CHAR(65)

-- prindime kogu tähestiku välja A-st Z-ni
-- kasutame while tsüklit
declare @Start int
set @Start = 65
while (@Start) <= 122
begin
	print char (@Start)
	set @Start = @Start + 1
end

--eemaldama tühjad kohad sulgudes
select LTRIM('                    Hello')

--tühikute eemaldamine sőnas
select LTRIM(FirstName) as FirstName, MiddleName, LastName
from Employees

select RTRIM('           Hello             ')

-- keerba kooloni sees olevad andmed vastupidiseks
-- vastavalt upper ja lower-ga saan muuta märkide suurust
-- reverse funktsioon keerab stringi tagurpidi
select REVERSE(upper(ltrim(FirstName))) as FirstName,
MiddleName,LOWER(LastName), RTRIM(LTRIM(FirstName)) + ' ' +
MiddleName + ' ' + LastName as FullName
from Employees

-- left, right, substring
-- left vőtab stringi vasakult poolt neli esimest tähte
select LEFT('ABCDEF', 4)
-- right vőtab stringi paremalt poolt neli esimest tähte
select RIGHT('ABCDEF', 4)

-- kuvab @tähemärgi asetust
select CHARINDEX('@', 'sara@aaa.com')

select SUBSTRING('leo@bbb.com', 5, 2)

-- @-märgist kuvab kolm tähemärki. Viimase nr saab
-- määrata pikkust
select SUBSTRING('leo@bbb.com', CHARINDEX('@', 'leo@bbb.com') + 1, 3)

-- peale @-märki reguleerin tähemärkide pikkuse näitamist
select SUBSTRING('leo@bbb.com', CHARINDEX('@', 'leo@bbb.com') + 2, 
LEN('leo@bbb.com') -CHARINDEX('@', 'leo@bbb.com'))

-- saame teada domeeninimed emailides
-- kasutame Employees tabelit ja substringi, len ja charindexi
select substring(Email, CHARINDEX('@', Email) + 1, LEN(Email)
- charindex('@', Email))
from Person

select * from Person

alter table Employees
add Email nvarchar(20)

select * from Employees

update Employees set Email = 'Tom@aaa.com' where Id = 1
update Employees set Email = 'Pam@aaa.com' where Id = 2
update Employees set Email = 'Tom@aaa.com' where Id = 3
update Employees set Email = 'Tom@aaa.com' where Id = 4
update Employees set Email = 'Tom@aaa.com' where Id = 5
update Employees set Email = 'Tom@aaa.com' where Id = 6
update Employees set Email = 'Tom@aaa.com' where Id = 7
update Employees set Email = 'Tom@aaa.com' where Id = 8
update Employees set Email = 'Tom@aaa.com' where Id = 9
update Employees set Email = 'Tom@aaa.com' where Id = 10

-- lisame *-märgi alates teatud kohast
select FirstName, LastName,
	SUBSTRING(Email, 1, 2) + REPLICATE('*', 5) +
	-- peale teist tähemärki paneb viis tärni
	SUBSTRING(Email, charindex('@', Email), len(Email)
	- CHARINDEX('@', Email) + 1) as MaskedEmail
	-- kuni @-märgini paneb tärnid ja siis jätkab emaili näitamist
	-- on dünaamiline, sest kui emaili pikkus on erinev,
	-- siis paneb vastavalt tärne
from Employees

-- kolm korda näitab stringis olevat väärtust
select REPLICATE('Hello', 3)

-- kuidas sisestada tühikut kahe nime vahele
-- kasutada funktsiooni
select SPACE(5)

-- vőtame tabeli Employees ja kuvame eesnime ja perekonnanime vahele tühikut
select concat(FirstName, space(1), LastName)
from employees

select FirstName + SPACE(25) + LastName as FullName from Employees

-- PATINDEX
-- sama, mis charindex, aga patindex vőimaldab kasutada wildcardi
-- kasutame tabelit Employees ja leiame kőik read, kus emaili lőpus on aaa.com

select Email, PATINDEX('%aaa.com%', Email) as Position
from Employees
where PATINDEX('%aaa.com', Email) > 0
-- leiame kőik read, kus emaili lőpus on aaa.com vői bbb.com
select Email, PATINDEX('%aaa.com%' | '%bbb.com%', Email) as Position
from Employees
where PATINDEX('%aaa.com%' | '%bbb.com%', Email) > 0

-- asendame emaili lőpus olevat domeeninimed
-- .com asemel .net-iga, kasutage replace funktsiooni
select FirstName, LastName, Email,
REPLACE(Email, '.com', '.net') as NewEmail
from Employees

-- soovin asendada peale esimest märki olevad tähed viie tärnega
select FirstName, LastName, Email,
	STUFF(Email, 2, 3, '*****') as StuffedEmail
from Employees

-- ajaga seotud andmetüübid
create table DateTest
(
c_time time,
c_date date,
c_smalldatetime smalldatetime,
c_datetime datetime,
c_datetime2 datetime2,
c_datetimeoffset datetimeoffset
)

select * from DateTest

-- sinu masina kellaaeg
select GETDATE() as CurrentDateTime

insert into DateTest
values (GETDATE(), GETDATE(), GETDATE(), GETDATE(), GETDATE(), GETDATE())

update DateTest set c_datetimeoffset = '2026-04-07 12:00:06.7600000 +02:00'
where c_datetimeoffset = '2026-04-07 17:13:06.7600000 +00:00'

select CURRENT_TIMESTAMP, 'CURRENT_TIMESTAMP' -- aja päring
select SYSDATETIME(), 'SYSDATETIME()' -- veel täpsem aja päring
select SYSDATETIMEOFFSET(), 'SYSDATETIMEOFFSET()' -- täpne aja ja ajavöömdi päring
select GETUTCDATE(), 'GETUTCDATE' -- UTC aja päring

select ISDATE('asdasd') -- tagastab 0, sest see ei ole kehtiv kuupäev
select ISDATE(getdate()) -- tagastab 1, sest on kuupäev
select ISDATE('2026-04-07 12:00:05.0566667') -- tagastab 0 kuna max kolm komakohta vőib olla
select ISDATE('2026-04-07 12:00:05.056') -- tagastab 1
select DAY(getdate()) --annab tänase päeva nr
select DAY('03/29/2026') -- annab stringis oleva kp ja järjestus peab olema őige
select month(getdate()) --annab tänase kuu nr
select month('03/29/2026') -- annab
select YEAR(getdate()) -- annab jooksva aasta nr
select YEAR('03/29/2026') -- annab stringis oleva aasta nr

--rida 841
--tund 6
--14.04.26

select datename(day, '2026-04-07 12:00:05.056') --annab stringis oleva päeva nime
select datename(weekday, '2026-04-07 12:00:05.056') --annab stringis oleva päeva nime
select datename(month, '2026-04-07 12:00:05.056') -- annab stringis oleva kuu nime

create table EmployeesWithDates
(
	Id nvarchar(2),
	Name nvarchar(20),
	DateOfBirth datetime
)

INSERT INTO EmployeesWithDates  (Id, Name, DateOfBirth)  
VALUES (1, 'Sam', '1980-12-30 00:00:00.000');
INSERT INTO EmployeesWithDates  (Id, Name, DateOfBirth)  
VALUES (2, 'Pam', '1982-09-01 12:02:36.260');
INSERT INTO EmployeesWithDates  (Id, Name, DateOfBirth)  
VALUES (3, 'John', '1985-08-22 12:03:30.370');
INSERT INTO EmployeesWithDates  (Id, Name, DateOfBirth)  
VALUES (4, 'Sara', '1979-11-29 12:59:30.670');

--kuidas vőtta ühest veerust andmeid ja selle abil luua uued veerud
select Name, DateOfBirth, Datename(weekday, DateOfBirth) as [Day],
	   MONTH(DateOfBirth) as [Month], 
	   DATENAME(month, DateOfBirth) as [MonthName],
	   YEAR(DateOfBirth) as [Year]
from EmployeesWithDates

select DATEPART(weekday, '2026-04-07 12:00:05.056') -- annab stringis oleva päeva nr, kus 1 on pühapäev
select DATEPART(month, '2026-04-07 12:00:05.056') -- annab stringis oleva kuu nr
select DATENAME(week, '2026-04-07 12:00:05.056')
select dateadd(day, 20, '2026-04-07 12:00:05.056') -- annab stringis oleva kuupäeva, mis on 20 päeva pärast
select dateadd(day, -20, '2026-04-07 12:00:05.056') -- annab stringis oleva kuupäeva, mis on 20 päeva enne
select datediff(month, '04/30/2025', '01/31/2026')
select datediff(year, '04/30/2025', '01/31/2026')

create function fnComputeAge(@DOB datetime)
returns nvarchar(50)
as begin
	declare @tempdate datetime, @years int, @months int, @days int
	select @tempdate = @DOB

	select @years = datediff(year, @tempdate, getdate()) - case when (month(@DOB) > month(getdate())) or (month(@DOB))
	= month(getdate()) and day(@DOB) > day(getdate()) then 1 else 0 end
	select @tempdate = dateadd(year, @years, @tempdate)

	select @months = datediff(month, @tempdate, getdate()) - case when day(@DOB) > day(getdate()) then 1 else 0 end
	select @tempdate = dateadd(month, @months, @tempdate)

	select @days = datediff(day, @tempdate, getdate())

	declare @Age nvarchar(50)
		set @Age = cast(@years as nvarchar(10)) + ' years, ' 
		+ cast(@months as nvarchar(10)) + ' months, ' 
		+ cast(@days as nvarchar(10)) + ' days old'
	return @Age
end

--saame vanuse välja arvutada, kui kasutame fnComputeAge funktsiooni
select Name, DateOfBirth, dbo.fnComputeAge(DateOfBirth) as Age 
from EmployeesWithDates

--kui kasutame seda funktsiooni, siis saame teada tänase päeva vahet
--stringis olevaga
select dbo.fnComputeAge('03/23/2008')

--nr peale DOB muutujat näitab, 
--et missugusena järjestuses me tahame näidata veeru sisu
select Id, Name, DateOfBirth,
convert(nvarchar,DateOfBirth, 109) as ConvertedDOB
from EmployeesWithDates

select Id, Name, Name + ' - ' + cast(Id as nvarchar) as [Name-Id]
from EmployeesWithDates

select cast(getdate() as date) --tänane kp
select convert(date, getdate()) --tänane kp

---matemaatilised funktsioonid
select abs(-101.5) --absoluutväärtus, tagastab 101.5
select ceiling(101.5) --tagastab 102, ümardab üles
select CEILING(-101.5) --tagastab -101, ümardab üles positiivsema nr poole
select floor(101.5) --tagastab 101, ümardab alla
select floor(-101.5) --tagastab -102, ümardab alla negatiivsema nr poole 
select power(2, 4) -- 2 astmel 4 e 2x2x2x2, esimene nr on alus
select SQUARE(5) -- tagastab 25, vőtab arvu ja korrutab iseendaga
select sqrt(25) --tagastab 5, vőtab arvu ja leiab selle ruutjuure

select rand() --tagastab juhusliku arvu vahemikus 0 kuni 1
--oleks vaja, et iga kord annab rand meile ühe täisarvu vahemikus 1 kuni 100
select ceiling (rand() * 100)

--annab juhuslik number vahemikus 1 kuni 1000
--ja teeb seda 10 korda, et näha erinevaid numbreid
declare @counter int
set @counter = 1
while (@counter <= 10)
begin
	print ceiling (rand() * 1000)
	set @counter = @counter + 1
end

select ROUND(850.556, 2) --ümardab 850.556 kahe komakohani, tagastab 850.56
select ROUND(850.556, 2, 1) --ümardab 850.556 kahe komakohani, 
--aga kui kolmas komakoht on 5 vői suurem, siis ümardab alla, 
--tagastab 850.550
select ROUND(850.556, 1) --ümardab 850.556 ühe komakohani, tagastab 850.6
select ROUND(850.556, 1, 1)--ümardab 850.556 ühe komakohani, 
--aga kui kolmas komakoht on 5 vői suurem, siis ümardab alla, tagastab 850.5
select ROUND(850.556, -2)--ümardab 850.556 sadade kaupa, tagastab 900
select ROUND(850.556, -1)--ümardab 850.556 kümnete kaupa, tagastab 850

create function dbo.CalculateAge (@DOB date)
returns int
as begin
declare @Age int

set @Age = datediff(year, @DOB, getdate()) -
	case 
		when (month(@DOB) > month(getdate())) or
			 (month(@DOB) = month(getdate()) and day(@DOB) > day(getdate())) 
		then 1 
		else 0
		end
	return @Age
end
-----
execute CalculateAge '10/25/1980'

--arvutab v'lja, kui vana on isik ja v]tab arvesse, 
--kas isiku sünnipäev on juba sel aastal olnud vői mitte
--antud juhul näitab, kes on üle 40 aasta vanad
select Id, dbo.CalculateAge(DateOfBirth) as Age from EmployeesWithDates
where dbo.CalculateAge(DateOfBirth) > 40

---inline table valued functions
--teha EmployeesWithDates tabelisse
--uus veerg nimega DepartmentId int,
-- ja teine veerg on Gender nvarchar(10)

update EmployeesWithDates set Gender = 'Male', DepartmentId = 1
where Id = 1
update EmployeesWithDates set Gender = 'Female', DepartmentId = 2
where Id = 2
update EmployeesWithDates set Gender = 'Male', DepartmentId = 1
where Id = 3
update EmployeesWithDates set Gender = 'Female', DepartmentId = 3
where Id = 4
insert into EmployeesWithDates (Id, Name, DateOfBirth, DepartmentId, Gender)
values (5, 'Todd', '1978-11-29 12:59:30.670', 1, 'Male')

select * from EmployeesWithDates

--scalar function e skaleeritav funktsioon annab mingis vahemikus olevaid
--väärtusi, aga inline table valued function tagastab tabeli
--ja seal ei kasutata begin ja endi vahele kirjutamist, 
--vaid lihtsalt kirjutad selecti
create function fn_EmployeesByGender(@Gender nvarchar(10))
returns table
as
return (select Id, Name, DateOfBirth, DepartmentId, Gender
		from EmployeesWithDates
		where Gender = @Gender)

--soovime vaadata kőiki naisi EmployeesWithDates tabelist
select * from fn_EmployeesByGender('Female')

--soovin ainult näha Pam ja kasutan funktsiooni fn_EmployeesByGender
select * from fn_EmployeesByGender('Female')
where Name = 'Pam'

--kahest erinevast tabelist andmete vőtmine ja koos kuvamine
--esimene on funktsioon ja teine on Department tabel
select Name, Gender, DepartmentName
from fn_EmployeesByGender('Male') E
join Department D on D.Id = E.DepartmentId

--inline funktsioon
create function fn_GetEmployees()
returns table as
return (select Id, Name, cast(DateOfBirth as date)
		as DOB
		from EmployeesWithDates)

select * from fn_GetEmployees()


--multi statement table valued function
create function fn_MS_GetEmployees()
returns @Table Table (Id int, Name nvarchar(20), DOB date)
as begin
	insert into @Table
	select Id, Name, cast(DateOfBirth as date) from EmployeesWithDates

	return
end

select * from fn_MS_GetEmployees()

--inline tabeli funktsioonid on paremini töötamas 
--kuna käsitletakse vaatena
--multi statement table valued funktsioonid on nagu tavalised funktsioonid,
--pm on tegemist stored procedurega ja see vőib olla aeglasem, 
--sest see ei saa kasutada vaate optimeerimist e kulutab rohkem ressurssi
select * from EmployeesWithDates
update fn_GetEmployees() set Name = 'Sara' where Id = 4 --saab muuta andmeid
select * from EmployeesWithDates
update fn_MS_GetEmployees() set Name = 'Sara' where Id = 4 
--ei saa muuta andmeid multistate table valued funktsioonis, 
--sest see on nagu stored procedure

--rida 1045
--tund 7
--21.04.26

--determnistic vs nondeterministic functions
select count(*) from EmployeesWithDates
--kőik tehtemärgid on deterministic, sest nad annavad alati sama tulemuse, 
--kui sisend on sama. Selle alla kuuluvad veel sum, avg, min, max, count
select square(3)

--mitte ettemääratud funktsioonid vőivad anda erinevaid tulemusi
select getdate() --kuna see annab alati jooksva aja, siis on nondeterministic
select CURRENT_TIMESTAMP
select rand()

--loome funktsiooni
create function fn_GetNameById(@id int)
returns nvarchar(20)
as begin
	return (select Name from EmployeesWithDates where Id = @id)
end

--kuidas saab kasutada fn_GetNameById funktsiooni
select dbo.fn_GetNameById(3)
--sellega saab näha funktsiooni sisu
sp_helptext fn_GetNameById

--muuta funktsiooni fn_GetNameById ja krüpteerida see ära, 
--et keegi teine peale sinu ei saaks seda muuta
alter function fn_GetNameById(@id int)
returns nvarchar(20)
with encryption
as begin
	return (select Name from EmployeesWithDates where Id = @id)
end
--nüüd kui tahame näha fn_GetNameById funktsiooni sisu, siis ei saa
sp_helptext fn_GetNameById


create function fn_GetEmployeeNameById(@id int)
returns nvarchar(20)
with schemabinding
as begin
	return (select Name from EmployeesWithDates where Id = @id)
end
--tuleb veateade
--Cannot schema bind function 'fn_GetEmployeeNameById' 
--because name 'EmployeesWithDates' is invalid for schema binding. 
--Names must be in two-part format and an object cannot 
--reference itself.

--nüüd on korras variant
create function dbo.fn_GetEmployeeNameById123(@id int)
returns nvarchar(20)
with encryption, schemabinding
as begin
	return (select Name from dbo.EmployeesWithDates where Id = @id)
end

--mis on schemabinding?
--schemabinding seob päringus oleva tabeli ära ja ei luba seda muuta
--Mis see annab meile?
--see annab meile jőudluse eelise, sest SQL Server teab, et 
--see tabel ei muutu veergude osas

--ei saa tabelit kustutada, kui sellel on schemabindinguga funktsioon
drop table EmployeesWithDates

--temporary tables
--need on tabelid, mis on loodud ajutiselt ja kustutatakse automaatselt
--neid on kahte tüüpi: local temporary tables ja global temporary tables
--#-ga algavad local temporary tables ja 
--##-ga algavad global temporary tables

create table #PersonDetails(Id int, Name nvarchar(20))
--kuhu tabel tekkis?
insert into #PersonDetails values(1, 'Mike')
insert into #PersonDetails values(2, 'Max')
insert into #PersonDetails values(3, 'Uhura')
go
select * from #PersonDetails

--saame otsida seda objekti ülesse
select * from sysobjects
where Name like 'dbo.#PersonDetails______________________________________________________________________________________________________000000000007%'


--kustutame tabeli ära
drop table #PersonDetails

--teeme stored procedure, mis loob 
--local temporary table-i ja täidab selle andmetega
create proc spCreateLocalTempTable
as begin
create table #PersonDetails(Id int, Name nvarchar(20))

insert into #PersonDetails values(1, 'Mike')
insert into #PersonDetails values(2, 'Max')
insert into #PersonDetails values(3, 'Uhura')

select * from #PersonDetails
end
---
exec spCreateLocalTempTable

select * from sysobjects
where Name like '[dbo].[#A895AD85]%'

---globaalse tabeli loomine
create table ##GlobalPersonDetails(Id int, Name nvarchar(20))
--mis on globaalse ja lokaalse tabeli erinevus?
--globaalse tabeli saab näha ja kasutada kőigis sessioonides,
--lokaalse tabeli saab näha ja kasutada ainult selles sessioonis, 
--kus see on loodud

--index
create table EmployeeWithSalary
(
Id int primary key,
Name nvarchar(25),
Salary int,
Gender nvarchar(10)
)

insert into EmployeeWithSalary values(1, 'Sam', 2500, 'Male')
insert into EmployeeWithSalary values(2, 'Pam', 6500, 'Female')
insert into EmployeeWithSalary values(3, 'John', 4500, 'Male')
insert into EmployeeWithSalary values(4, 'Sara', 5500, 'Female')
insert into EmployeeWithSalary values(5, 'Todd', 3100, 'Male')

select * from EmployeeWithSalary


select * from EmployeeWithSalary
where Salary > 4000 and Salary < 7000

--loome indeksi, mis asetab palga kahanevasse järjestusse
create index IX_Employee_Salary
on EmployeeWithSalary(Salary desc)

create index IX_Employee_Salary123
on EmployeeWithSalary(Salary)
where Salary > 4000 and Salary < 7000

SELECT *
FROM EmployeeWithSalary WITH (INDEX(IX_Employee_Salary123))
WHERE Salary > 4000 AND Salary < 7000;
--proovige nüüd pärida tabelit EmployeeWithSalary
-- ja kasutada index-t IX_Employee_Salary
select * from EmployeeWithSalary with (index (IX_Employee_Salary))

--indeksi kustutamine
drop index IX_Employee_Salary123 on EmployeeWithSalary
drop index EmployeeWithSalary.IX_Employee_Salary

SET STATISTICS PROFILE ON;

SELECT Name, Salary
FROM EmployeeWithSalary
WHERE Salary > 1000 AND Salary < 5000;

SET STATISTICS PROFILE OFF;
---
SET SHOWPLAN_ALL ON;
go
SELECT Name, Salary
FROM EmployeeWithSalary
WHERE Salary > 1000 AND Salary < 5000;
go
SET SHOWPLAN_ALL OFF;
go


---- indeksi tüübid:
--1. Klastrites olevad
--2. Mitte-klastris olevad
--3. Unikaalsed
--4. Filtreeritud
--5. XML
--6. Täistekst
--7. Ruumiline
--8. Veerusäilitav
--9. Veergude indeksid
--10. Välja arvatud veergudega indeksid

-- klastris olev indeks määrab ära tabelis oleva füüsilise järjestuse 
-- ja selle tulemusel saab tabelis olla ainult üks klastris olev indeks
--kui lisad primaarvőtme, siis luuakse automaatselt klastris olev indeks

create table EmployeeCity
(
Id int primary key,
Name nvarchar(25),
Salary int,
Gender nvarchar(10),
City nvarchar(20)
)

-- andmete őige järjestuse loovad klastris olevad indeksid 
-- ja kasutab selleks Id nr-t
-- pőhjus, miks antud juhul kasutab Id-d, tuleneb primaarvőtmest
insert into EmployeeCity values(3, 'John', 4500, 'Male', 'New York')
insert into EmployeeCity values(1, 'Sam', 2500, 'Male', 'London')
insert into EmployeeCity values(4, 'Sara', 5500, 'Female', 'Tokyo')
insert into EmployeeCity values(5, 'Todd', 3100, 'Male', 'Toronto')
insert into EmployeeCity values(2, 'Pam', 6500, 'Male', 'Sydney')

SELECT * FROM EmployeeCity

-- klastris olevad indeksid dikteerivad säilitatud andmete järjestuse tabelis 
-- ja seda saab klastrite puhul olla ainult üks
CREATE clustered index IX_EmployeeCity_Name
on EmployeeCity(Name)
--- annab veateate, et tabelis saab olla ainult üks klastris olev indeks
--- kui soovid, uut indeksit luua, siis kustuta olemasolev

--- saame luua ainult ühe klastris oleva indeksi tabeli peale
--- klastris olev indeks on analoogne telefoni nr-le
--- enne seda päringut kustutasime primaarvőtme indeksi ära
SELECT * FROM EmployeeCity

--mitte klastris olev indeks
create nonclustered index IX_EmployeeCity_Name123
on EmployeeCity(Name)

exec sp_helpindex EmployeeCity

SELECT * FROM EmployeeCity

--- erinevused kahe indeksi vahel
--- 1. ainult üks klastris olev indeks saab olla tabeli peale, 
--- mitte-klastris olevaid indekseid saab olla mitu
--- 2. klastris olevad indeksid on kiiremad kuna indeks peab 
--- tagasi viitama tabelile
--- Juhul, kui selekteeritud veerg ei ole olemas indeksis
--- 3. Klastris olev indeks määratleb ära tabeli ridade slavestusjärjestuse
--- ja ei nőua kettal lisa ruumi. Samas mitte klastris olevad indeksid on 
--- salvestatud tabelist eraldi ja nőuab lisa ruumi

create table EmployeeFirstName
(
	Id int primary key,
	FirstName nvarchar(25),
	LastName nvarchar(25),
	Salary int,
	Gender nvarchar(10),
	City nvarchar(20)
)

exec sp_helpindex EmployeeFirstName

--sisestame andmed tabelisse ja neid ei saa sisestada
insert into EmployeeFirstName 
values
(1, 'Mike', 'Sandoz', 4500, 'Male', 'New York'),
(1, 'John', 'Menco', 2500, 'Male', 'London')

--kustutame indeksi ära
drop index EmployeeFirstName.PK__Employee__3214EC078089B561
--- kui käivitad ülevalpool oleva koodi, siis tuleb veateade
--- et SQL server kasutab UNIQUE indeksit jőustamaks väärtuste unikaalsust ja primaarvőtit
--- koodiga Unikaalseid Indekseid ei saa kustutada, aga käsitsi saab

insert into EmployeeFirstName 
values
(1, 'Mike', 'Sandoz', 4500, 'Male', 'New York'),
(1, 'John', 'Menco', 2500, 'Male', 'London')

create unique nonclustered index IX_Employee_FirstName_FirstName
on EmployeeFirstName(FirstName, LastName)

insert into EmployeeFirstName 
values
(1, 'Mike', 'Sandoz', 4500, 'Male', 'New York'),
(2, 'John', 'Menco', 2500, 'Male', 'London')
-- alguses annab veateate, et Mike Sandoz-st on kaks korda
-- ei saa lisada mitte-klastris olevat indeksit, kui ei ole unikaalseid andmeid
--- kustutame tabeli ja sisestame andmed uuesti

create table EmployeeFirstName
(
	Id int primary key,
	FirstName nvarchar(25),
	LastName nvarchar(25),
	Salary int,
	Gender nvarchar(10),
	City nvarchar(20)
)

insert into EmployeeFirstName 
values
(1, 'Mike', 'Sandoz', 4500, 'Male', 'New York'),
(2, 'John', 'Menco', 2500, 'Male', 'London')

--lisame uue unikaalse piirangu
alter table EmployeeFirstName
add constraint UQ_Employee_FirstName_City
unique nonclustered(City)

insert into EmployeeFirstName 
values
(3, 'John', 'Menco', 4500, 'Male', 'London1')

--rida 1334
--tund 8
--28.04.26

--1. Vaikimisi primaarvőti loob unikaalse klastris oleva indeksi,
-- samas unikaalne piirang
-- loob unikaalse mitte-klastris oleva indeksi
--2. Unikaalset indeksit vői piirangut ei saa luua olemasolevasse 
--tabelisse, kui tabel
--juba siseldab väärtusi vőtmeveerus
--3. Vaikimisi korduvaid väärtusied ei ole veerus lubatud,
--kui peaks olema unikaalne indeks vői piirang. Nt, kui tahad
--sisestada 10 rida andmeid,
--millest 5 sisaldavad korduvaid andmeid, siis kőik 10 lükatakse tagasi.
--Kui soovin ainult 5
--rea tagasi lükkamist ja ülejäänud 5 rea sisestamist, siis
--selleks kasutatakse IGNORE_DUP_KEY

--koodinäide
create unique index IX_EmployeeFirstName
on EmployeeFirstName(City)
with ignore_dup_key

select * from EmployeeFirstName

insert into EmployeeFirstName
values
(3, 'John', 'Menco', 2345, 'Male', 'London'),
(4, 'John', 'Menco', 1234, 'Male', 'London1'),
(4, 'John', 'Menco', 3456, 'Male', 'London1')
--- enne ignore käsku oleks kőik kolm rida tagasi lükatud, aga
--- nüüd läks keskmine rida läbi kuna linna nimi oli unikaalne

--- view
--- view on salvestatud SQL-i päring. Saab käsitleda ka virtuaalse tabelina

select FirstName, Salary, Gender, DepartmentName
from Employees
join Department
on Employees.DepartmentId = Department.Id

-- view päringu esile kutsumine
select * from vEmployeesByDepartment

-- view ei salvesta andmeid vaikimisi
-- seda tasub vőtta, kui salvestatud virtuaalse tabelina

-- milleks vaja:
--saab kasutada andmebaasi skeemi keerukuse lihtsutamiseks,
-- mitte IT-inimesele'
-- piiratud ligipääs andmetele, ei näe kőiki veerge

-- teeme view, kus näeb ainult IT-töötajaid
-- view nimi on vItEmployeesInDepartment

create view vItEmployeesInDepartment
as
select FirstName, salary, Gender, DepartmentName
from Employees
join Department
on Employees.DepartmentId = Department.Id
where Department.DepartmentName = 'IT'

select * from vItEmployeesInDepartment

-- veeru taseme turvalisus
-- peale selecti määratled veergude näitamise ära
create view vEmployeeInDepartmentSalaryNoShow
as
select FirstName, Gender, DepartmentName
from Employees
join Department
on Employees.DepartmentId = Department.Id

select * from vEmployeeInDepartmentSalaryNoShow

select DepartmentName, COUNT(*) as [TotalEmployees]
from vEmployeeInDepartmentSalaryNoShow
group by DepartmentName

-- saab kasutada esitlemaks koondandmeid ja üksikasjalike andmeid
-- view, mis tagastab summeeritud andmeid
create view vEmployeesCountByDepartment
as
select DepartmentName, COUNT(Employees.Id) as [TotalEmployees]
from Employees
join Department
on Employees.DepartmentId = Department.Id
group by DepartmentName



select * from vEmployeesCountByDepartment

--kui soovid vaatada view sisu
sp_helptext vEmployeesCountByDepartment
--muutmiseks kasutame sőna alter
alter view vEmployeesCountByDepartment
--kustutamine
drop view vEmployeesCountByDepartment

--kasutame view-d andmete uuendamiseks
create view vEmployeesDataExceptSalary
as
select Id, FirstName, Gender, DepartmentId
from Employees

--muutke Id 2 olev rida ja uus eesnimi on Tom

alter view vEmployeesDataExceptSalary

update vEmployeesDataExceptSalary
set FirstName = 'Tom'
where Id = 2;

select * from vEmployeesDataExceptSalary

-- kustutame ja sisestame andmeid
delete from vEmployeesDataExceptSalary where Id = 2

insert into vEmployeesDataExceptSalary(Id, FirstName, Gender, DepartmentId)
values
(2, 'Tea', 'Female', 2)

--indekseeritud view
-- ms SQL-s on indekseeritud view name all ja
-- Oracle-s materjaliseeritud view

create table Product
(
Id int primary key,
Name nvarchar(20),
UnitPrice int
)

insert into Product values
(1, 'Books', 20),
(2, 'Pens', 14),
(3, 'Pencils', 11),
(4, 'Clips', 10)

create table ProductSales
(
Id int,
QuantitySold int
)

insert into ProductSales values
(1, 10),
(3, 23),
(4, 21),
(2, 12),
(1, 13),
(3, 12),
(4, 13),
(1, 11),
(2, 12),
(1, 14)


-- loome view, mis annab meile veerud TotalSales ja TotalTransaction
create view vTotalSalesByProduct
as
select Name, (SUM(QuantitySold) * UnitPrice) as [TotalSales], 
count_big(Product.Id) as [TotalTransactions]
from Product
join ProductSales
on Product.Id = ProductSales.Id
group by UnitPrice, Name

-- teine variant
create view vTotalSalesByProduct
with schemabinding
as
select Name,
SUM(isnull((QuantitySold * UnitPrice), 0 )) as [TotalSales], 
count_big(*) as [TotalTransactions]
from dbo.ProductSales
join dbo.Product
on dbo.Product.Id = dbo.ProductSales.Id
group by UnitPrice, Name

select * from vTotalSalesByProduct

-- kui soovid luua indeksi view sisse, siis peab järgima teatud reegleid
--1. view tuleb luua koos schemabending-ga
--2. kui lisafunktsioon select list viitab väljendile ja selle tulemuseks
-- vőib olla NULL, siis asendusväärtus peaks olema täpsustatud.
-- Antud juhul kasutamine ISNULL funktsiooni asendamaks NULL väärtust
-- 3. kui GroupBy on täpsustatud, siis view select list peab
-- sisaldama COUNT_BIG(*) väljendit
--4. Baastabelis peaksid view-d olema viidatud kahesosalie nimega
-- e antud juhul dbo.Product ja dbo.ProductSales.
-- mis erinevus on COUNT_BIG ja COUNT-i vahel?
-- Count_big tagastab biginit väärtuse, mis on suurem

create unique clustered index UIX_vTotalSalesByProduct_Name
on vTotalSalesByProduct(Name)

select * from vTotalSalesByProduct

-- view piirangud
create view vEmployeeDetails
@Gender nvarchar(20)
as
select Id, FirstName, Gender, DepartmentId
from Employees
where Gender = @Gender

--vaatesse ei saa panna parameetreid e antud juhul Gender

-- kui tahame parameetreid kasutada, siis peab kasutama funktsioon
create function fnEmployeeDetails(@Gender nvarchar(20))
returns table
as return
(select Id, FirstName, Gender, DepartmentId
from Employees where Gender = @Gender)

select * from fnEmployeeDetails('male')

-- order by kasutamine
create view vEmployeeDetailsSorted
as
select Id, FirstName, Gender, DepartmentId
from Employees
order by Id
--order by-d ei saa kasutada view sees

--temp table kasutamine
create table ##TestTempTable
(Id int, FirstName nvarchar(20), Gender nvarchar(10))

insert into ##TestTempTable values
(101, 'Martin', 'Male'),
(102, 'Joe', 'Male'),
(103, 'Pam', 'Female'),
(104, 'James', 'Male')

--tehke view, mis kasutab ##TestTempTable
--view nimi on vOnTempTable

create view vOnTempTable
as
select Id, FirstName, Gender 
from ##TestTempTable
--temp tabel-s ei saa kasutada view-d

-- triggerid

-- DML trigger
--- kokku on kolme tüüpi: DML, DDL ja LOGON

--- trigger on stored procedure eriliik, mis automaatselt käivitub,
--- kui mingi tegevus
--- peaks andmebaasis aset leidma

--- DML - data manipulation language
--- DML-i pőhilised käsklused: insert, update ja delete

-- DML triggereid saab klassifitseerida kahte tüüpi:
-- 1. After trigger (kutsutakse ka FOR päästikuks)
-- 2. Instead of trigger (selmet trigger e selle asemel trigger)

--- after trigger käivitub peale sündmust,
-- kui kuskil on tehtud insert, update ja delete

create table EmployeeAudit
(
Id int identity(1,1) primary key,
AuditData nvarchar(1000)
)

-- peale iga töötaja sisestamist tahame teada saada töötaja Id-d,
-- päeva ning aega(millal sisestati)
-- kőik andmed tulevad EmployeeAudit tabelisse

create trigger trEmployeeForInsert
on Employees
for insert
as begin
declare @Id int
select @Id = Id from inserted
insert into EmployeeAudit
values ('New employee with Id = ' + CAST(@Id as nvarchar(5)) + ' is added at ' +
cast(getdate() as nvarchar(20)))
end

select * from Employees
insert into Employees values
(11, 'Bob', 'Blob', 'Bomb', 'Male', 3000, 1, 3, 'bob@bob.com')

select * from EmployeeAudit

create trigger trEmployeeForDelete
on Employees
for delete
as begin
	declare @Id int
	select @Id = Id from deleted

	insert into EmployeeAudit
	values('An existing employee with Id = ' + CAST(@Id as nvarchar(5)) +
	' is deleted at ' + CAST(getdate() as nvarchar(20)))
end

delete from Employees where Id = 11

select * from EmployeeAudit

-- update trigger
create trigger trEmployeeForUpdate
on Employees
for update
as begin
	--muutujate deklareerimine
	declare @Id int
	declare @OldGender nvarchar(20), @NewGender nvarchar(20)
	declare @OldSalary int, @NewSalary int
	declare @OldDepartmentId int, @NewDepartmentId int
	declare @OldManagerId int, @NewManagerId int
	declare @OldFirstName nvarchar(20), @NewFirstName nvarchar(20)
	declare @OldMiddleName nvarchar(20), @NewMiddleName nvarchar(20)
	declare @OldLastName nvarchar(20), @NewLastName nvarchar(20)
	declare @OldEmail nvarchar(50), @NewEmail nvarchar(50)

	--muutuja, kuhu läheb lőpptekst
	declare @AuditString nvarchar(1000)

	--laeb kőik uuendatud andmed temp tabeli alla
	select * into #TemptTable
	from inserted